"","RFPred","RFPer","RF_M","RF_P","Actual","Salary","Name","HTeam","Opp","Pts","Pos","C1B","C2B","C3B","C4B","C5B","C6B","C7B","C8B","C9B","C1P","C2P","C3P","C4P","C5P","C6P","C7P","C8P","C9P","Xgb","XgbPer","xgb_M","xgb_P","DNN","DNNPer"
"20449",6.66705555555556,0,-10,12,2,"4200","Joey Votto","CIN","ARI",1.7,"1B",1.1844,1.683,0.5291,2.5641,3.3936,2.2382,1.5015,2.5901,1.29,0.8874,0.8684,0.552,1.1978,1.7886,2.2644,1.1712,1.1623,1.6483,0,0,0,0,0,0
"20450",10.5148333333333,0,-7,10,0,"2000","Stuart Turner","CIN","ARI",2.3,"C",0,0,0,0,0,0,0,0,0,0.8874,0.8684,0.552,1.1978,1.7886,2.2644,1.1712,1.1623,1.6483,0,0,0,0,0,0
"20451",5.54511111111111,0,-8,2,0,"4000","Adam Duvall","CIN","ARI",1.7,"OF",0.5735,0.8892,1.008,1.835,2.92,2.5979,0.7,1.788,1.4464,0.8874,0.8684,0.552,1.1978,1.7886,2.2644,1.1712,1.1623,1.6483,0,0,0,0,0,0
"20452",5.29838888888889,0,-9,21,0,"3200","Scott Schebler","CIN","ARI",1.9,"OF",1.6016,1.3884,0.912,1.6165,2.1318,1.0845,1.1183,2.366,0.6336,0.8874,0.8684,0.552,1.1978,1.7886,2.2644,1.1712,1.1623,1.6483,0,0,0,0,0,0
"20453",9.93711111111111,0,-8,22,8,"3700","Billy Hamilton","CIN","ARI",1.3,"OF",1.35,1.272,0.9856,1.7958,1.998,1.7703,0.9853,1.917,1.87,0.8874,0.8684,0.552,1.1978,1.7886,2.2644,1.1712,1.1623,1.6483,0,0,0,0,0,0
"20454",5.65461111111111,0,-4,8,5,"3200","Jose Peraza","CIN","ARI",1.8,"2B/SS",1.1304,0.9894,1,1.175,2.3976,2.002,1.0296,1.456,2.769,0.8874,0.8684,0.552,1.1978,1.7886,2.2644,1.1712,1.1623,1.6483,0,0,0,0,0,0
"20455",6.157,0,-12,33,24,"3500","Zack Cozart","CIN","ARI",1.9,"SS",0.7918,2.3375,1.0176,1.1662,2.9016,3.5178,0.2387,2.1546,1.89,0.8874,0.8684,0.552,1.1978,1.7886,2.2644,1.1712,1.1623,1.6483,0,0,0,0,0,0
"20456",10.619,0,-9,-1,9,"2900","Eugenio Suarez","CIN","ARI",2.1,"3B",1.435,0.9,0.4025,1.804,2.8584,1.7554,1.1515,2.0292,1.7688,0.8874,0.8684,0.552,1.1978,1.7886,2.2644,1.1712,1.1623,1.6483,0,0,0,0,0,0
"20457",9.04255555555556,0,-6,7,5,"3100","Albert Almora","CHC","ATL",1.9,"OF",0,0,0,0,0,0,0,0,0,0.5875,1.9721,1.0395,1.0857,1.2172,2.6791,0.4125,1.8734,1.68,0,0,0,0,0,0
"20458",11.2155555555556,0,-13,22,4,"5100","Anthony Rizzo","CHC","ATL",1.5,"1B",0.6944,0.9102,1.155,1.953,2.5461,1.4986,2.3316,3.4017,0.7744,0.5875,1.9721,1.0395,1.0857,1.2172,2.6791,0.4125,1.8734,1.68,0,0,0,0,0,0
"20459",11.6736666666667,0,-7,19,20,"4200","Willson Contreras","CHC","ATL",1.7,"C",0.4085,1.1172,1.5582,1.9437,2.6307,2.9607,1.1172,1.9485,1.6543,0.5875,1.9721,1.0395,1.0857,1.2172,2.6791,0.4125,1.8734,1.68,0,0,0,0,0,0
"20460",11.2106111111111,0,-8,15,20,"3600","Javier Baez","CHC","ATL",1.7,"2B/SS",0.7548,0.8399,1.3904,2.0633,2.5281,1.9564,1.1552,2.2774,1.9712,0.5875,1.9721,1.0395,1.0857,1.2172,2.6791,0.4125,1.8734,1.68,0,0,0,0,0,0
"20461",6.80711111111111,0,-5,6,6,"4000","Jason Heyward","CHC","ATL",1.5,"OF",1.1296,1.1029,1.5024,1.925,2.2902,1.3482,1.475,1.8018,1.344,0.5875,1.9721,1.0395,1.0857,1.2172,2.6791,0.4125,1.8734,1.68,0,0,0,0,0,0
"20462",11.8591111111111,0,-6,14,0,"4100","Addison Russell","CHC","ATL",1.7,"SS",1.0296,0.792,0.8,1.1914,1.703,2.1805,0.825,2.68,1.9276,0.5875,1.9721,1.0395,1.0857,1.2172,2.6791,0.4125,1.8734,1.68,0,0,0,0,0,0
"20463",10.7312777777778,0,-7,10,6,"4200","Ben Zobrist","CHC","ATL",1.8,"2B/OF",1.0374,0.5848,0.2205,2.145,2.1804,1.5582,1.7208,1.83,1.4906,0.5875,1.9721,1.0395,1.0857,1.2172,2.6791,0.4125,1.8734,1.68,0,0,0,0,0,0
"20464",8.91061111111111,0,-11,18,9,"5300","Kris Bryant","CHC","ATL",1.5,"3B",1.3875,1.5686,1.0062,2.06,2.3874,1.7584,0.8904,1.9656,0.7965,0.5875,1.9721,1.0395,1.0857,1.2172,2.6791,0.4125,1.8734,1.68,0,0,0,0,0,0
"20465",8.2,0,-12,15,3,"4200","Mike Napoli","TEX","BAL",1.7,"1B",0,0,0,0,0,0,0,0,0,0,0,0,0,0,0,0,0,0,0,0,0,0,0,0
"20466",4.773,0,-15,9,2,"4100","Carlos Gomez","TEX","BAL",1.7,"OF",1.0323,0.429,0.8018,1.485,2.6358,1.8,1.3818,1.5984,2.4118,0,0,0,0,0,0,0,0,0,0,0,0,0,0,0
"20467",14.0557777777778,0,-9,24,2,"3700","Joey Gallo","TEX","BAL",1.8,"1B/3B",0.6513,0.64,0.8316,1.491,2.3187,1.0593,1.5,0.9204,0.725,0,0,0,0,0,0,0,0,0,0,0,0,0,0,0
"20468",2.994,0,-5,25,6,"3700","Rougned Odor","TEX","BAL",1.9,"2B",1.86,1.7168,0.88,1.5405,1.8944,0.4655,0.8413,1.032,0.4488,0,0,0,0,0,0,0,0,0,0,0,0,0,0,0
"20469",5.14122222222222,0,-7,9,0,"4000","Nomar Mazara","TEX","BAL",1.8,"OF",1.3029,1.1193,0.4446,1.898,2.7126,0.9717,1.512,1.536,0.728,0,0,0,0,0,0,0,0,0,0,0,0,0,0,0
"20470",6.88994444444445,0,-9,14,0,"3900","Elvis Andrus","TEX","BAL",2.1,"SS",0.8938,2.555,2.1896,1.4398,2.5575,2.3023,1.7261,1.7236,1.3356,0,0,0,0,0,0,0,0,0,0,0,0,0,0,0
"20471",6.231,0,-6,16,0,"4000","Adrian Beltre","TEX","BAL",1.8,"3B",1.8012,0.6688,1.19,2.205,2.3643,1.8648,1.8204,2.7,1.4625,0,0,0,0,0,0,0,0,0,0,0,0,0,0,0
"20472",6.22233333333333,0,-4,20,0,"3200","Jonathan Lucroy","TEX","BAL",1.9,"C",0.792,1.643,1.911,1.71,2.4843,2.1805,1.9881,2.0313,1.4322,0,0,0,0,0,0,0,0,0,0,0,0,0,0,0
"20473",11.6287777777778,0,-12,1,17,"3900","Shin-Soo Choo","TEX","BAL",2,"OF",2.1411,1.8306,1.2361,2.9448,2.5308,1.0763,1.1178,1.18,0,0,0,0,0,0,0,0,0,0,0,0,0,0,0,0
"20474",3.34483333333333,0,-4,7,2,"2400","Darwin Barney","TOR","BOS",2.2,"2B/3B",0,0,0,0,0,0,0,0,0,2.457,1.5651,1.45,1.125,1.95,2.2308,0.625,2.1879,1.3986,0,0,0,0,0,0
"20475",8.54105555555555,0,-9,17,3,"4700","Josh Donaldson","TOR","BOS",1.6,"3B",0.5032,2.2207,0.72,2.1012,2.9736,1.5052,0.64,1.3098,1.8673,2.457,1.5651,1.45,1.125,1.95,2.2308,0.625,2.1879,1.3986,0,0,0,0,0,0
"20476",4.17655555555556,0,-8,5,16,"4400","Jose Bautista","TOR","BOS",1.8,"OF",0,0,0,0,0,0,0,0,0,2.457,1.5651,1.45,1.125,1.95,2.2308,0.625,2.1879,1.3986,0,0,0,0,0,0
"20477",5.31244444444444,0,-6,5,14,"3300","Troy Tulowitzki","TOR","BOS",1.9,"SS",0,0,0,0,0,0,0,0,0,2.457,1.5651,1.45,1.125,1.95,2.2308,0.625,2.1879,1.3986,0,0,0,0,0,0
"20478",9.80322222222222,0,-9,9,4,"3600","Russell Martin","TOR","BOS",2.1,"C",1.6125,1.8096,1.4094,0.9324,2.0056,2.059,1.2852,1.542,1.4356,2.457,1.5651,1.45,1.125,1.95,2.2308,0.625,2.1879,1.3986,0,0,0,0,0,0
"20479",9.63961111111112,0,-9,9,8,"4000","Kendrys Morales","TOR","BOS",1.8,"1B",0.9399,1.452,1.125,2.2776,2.1672,1.1556,1.19,1.5799,1.1029,2.457,1.5651,1.45,1.125,1.95,2.2308,0.625,2.1879,1.3986,0,0,0,0,0,0
"20480",12.3472222222222,0,-12,15,14,"4300","Justin Smoak","TOR","BOS",1.7,"1B",1.5088,1.696,0.4774,1.9314,2.2646,1.4344,1.4681,2.2046,1.15,2.457,1.5651,1.45,1.125,1.95,2.2308,0.625,2.1879,1.3986,0,0,0,0,0,0
"20481",7.43494444444444,0,-10,4,6,"3400","Kevin Pillar","TOR","BOS",1.9,"OF",1.0998,1.3496,1.344,1.5318,2.2484,3.0225,0.9324,2.2848,0.85,2.457,1.5651,1.45,1.125,1.95,2.2308,0.625,2.1879,1.3986,0,0,0,0,0,0
"20482",6.87683333333333,0,-6,10,10,"3900","Steve Pearce","TOR","BOS",1.6,"OF",1.5873,2.73,1.4652,1.365,1.8975,2.0358,0,1.5012,0.8432,2.457,1.5651,1.45,1.125,1.95,2.2308,0.625,2.1879,1.3986,0,0,0,0,0,0
"20483",4.38333333333333,0,-10,19,0,"3700","Matt Adams","ATL","CHC",1.8,"1B",0.5984,0.65,0.7917,2.4256,2.0355,1.1123,3.066,2.3187,1.6016,0,0,0,0,0,0,0,0,0,0,0,0,0,0,0
"20484",9.58983333333334,0,-5,3,2,"3900","Ender Inciarte","ATL","CHC",1.9,"OF",1.5158,2.0178,1.3986,2.436,3.2634,2.101,0.9706,1.055,1.2771,0,0,0,0,0,0,0,0,0,0,0,0,0,0,0
"20485",11.6710555555556,0,-7,9,3,"3900","Brandon Phillips","ATL","CHC",1.9,"2B",0,0,0,0,0,0,0,0,0,0,0,0,0,0,0,0,0,0,0,0,0,0,0,0
"20486",5.14277777777778,0,-5,10,14,"3600","Nick Markakis","ATL","CHC",1.7,"OF",1.5824,0.7174,0.65,1.749,2.6703,1.9604,2.3068,1.6344,1.6704,0,0,0,0,0,0,0,0,0,0,0,0,0,0,0
"20487",5.28855555555556,0,-8,16,7,"3800","Matt Kemp","ATL","CHC",1.8,"OF",0.2275,0.4466,0.6012,1.94,3.2292,2.5125,1.332,1.8126,2.2355,0,0,0,0,0,0,0,0,0,0,0,0,0,0,0
"20488",3.52355555555556,0,-6,1,6,"3600","Johan Camargo","ATL","CHC",1.4,"3B",0,0,0,0,0,0,0,0,0,0,0,0,0,0,0,0,0,0,0,0,0,0,0,0
"20489",6.69033333333333,0,-9,4,3,"3400","Kurt Suzuki","ATL","CHC",1.6,"C",0.8436,1.363,1.7894,1.175,2.2484,2.2448,0,1.4652,2.576,0,0,0,0,0,0,0,0,0,0,0,0,0,0,0
"20490",9.60361111111111,0,-5,8,5,"5000","Freddie Freeman","ATL","CHC",1.5,"1B/3B",0.799,0.936,0.98,2.8608,3.808,0.6006,1.6524,2.0864,1.6074,0,0,0,0,0,0,0,0,0,0,0,0,0,0,0
"20491",7.72683333333333,0,-8,16,7,"3800","Brandon Drury","ARI","CIN",1.8,"2B",0.7161,1.32,1.16,2.301,2.3793,2.002,1.1096,1.85,2.775,1.4742,3.1075,0.6314,1.6874,4.1,2.0306,0,1.3728,0.7452,0,0,0,0,0,0
"20492",13.1202777777778,0,-14,13,7,"4400","A.J. Pollock","ARI","CIN",2,"OF",0.9438,1.152,1.95,1.5012,3.1668,2.1754,0.3003,2.0646,1.141,1.4742,3.1075,0.6314,1.6874,4.1,2.0306,0,1.3728,0.7452,0,0,0,0,0,0
"20493",14.1373888888889,0,-3,13,17,"5500","Paul Goldschmidt","ARI","CIN",1.6,"1B",0.8232,1.3552,1.3408,1.5708,3.1666,2.3433,1.632,2.586,2.0172,1.4742,3.1075,0.6314,1.6874,4.1,2.0306,0,1.3728,0.7452,0,0,0,0,0,0
"20494",5.73644444444444,0,-5,9,10,"4400","Chris Owings","ARI","CIN",1.8,"OF/SS",1.1154,1.6324,0.987,1.5582,2.8743,2.418,1.3616,1.2012,0.768,1.4742,3.1075,0.6314,1.6874,4.1,2.0306,0,1.3728,0.7452,0,0,0,0,0,0
"20495",7.89305555555555,0,-3,15,15,"3800","Daniel Descalso","ARI","CIN",1.7,"2B/OF",1.0339,1.4532,0.932,2.1948,1.9536,1.702,0.924,2.1267,0.3388,1.4742,3.1075,0.6314,1.6874,4.1,2.0306,0,1.3728,0.7452,0,0,0,0,0,0
"20496",8.13916666666666,0,-9,9,20,"3000","Chris Herrmann","ARI","CIN",2,"C/OF",0,0,0,0,0,0,0,0,0,1.4742,3.1075,0.6314,1.6874,4.1,2.0306,0,1.3728,0.7452,0,0,0,0,0,0
"20497",10.7483333333333,0,-10,10,16,"4400","Jake Lamb","ARI","CIN",1.8,"3B",0.936,0.5125,0.5365,1.5008,3.2499,1.8975,1.184,2.0448,1.0397,1.4742,3.1075,0.6314,1.6874,4.1,2.0306,0,1.3728,0.7452,0,0,0,0,0,0
"20498",12.0226666666667,0,-8,2,15,"4200","David Peralta","ARI","CIN",1.8,"OF",0.9879,0.645,0.696,2.432,2.9736,1.7613,1.1984,2.3498,1.576,1.4742,3.1075,0.6314,1.6874,4.1,2.0306,0,1.3728,0.7452,0,0,0,0,0,0
"20499",8.83,0,-9,9,0,"3700","Brandon Crawford","SF","CLE",1.4,"SS",1.6125,0.8931,0.9,2.669,2.3328,1.7444,1.0488,1.0335,1.6591,1.183,0.3003,0,1.91,1.9647,1.848,1.3392,2.4055,1.064,0,0,0,0,0,0
"20500",4.77005555555556,0,-6,5,2,"2900","Gorkys Hernandez","SF","CLE",1.4,"OF",0,0.9152,0.7826,1.4739,3.1339,2.7454,0.6825,2.3785,1.8688,1.183,0.3003,0,1.91,1.9647,1.848,1.3392,2.4055,1.064,0,0,0,0,0,0
"20501",10.7846666666667,0,-7,14,10,"3500","Eduardo Nunez","SF","CLE",1.9,"3B/OF",1.2,1.936,2.0304,2.0792,2.7459,1.55,1.1948,1.425,1.7472,1.183,0.3003,0,1.91,1.9647,1.848,1.3392,2.4055,1.064,0,0,0,0,0,0
"20502",9.31644444444444,0,-9,6,5,"3600","Denard Span","SF","CLE",1.7,"OF",1.5729,1.536,0.6752,2.0777,2.4806,1.15,2.5125,1.65,1.2464,1.183,0.3003,0,1.91,1.9647,1.848,1.3392,2.4055,1.064,0,0,0,0,0,0
"20503",4.81483333333334,0,-6,13,5,"3300","Joe Panik","SF","CLE",1.4,"2B",1.6579,2.1889,0.8,2.8971,1.82,1.65,1.7748,1.5688,1.96,1.183,0.3003,0,1.91,1.9647,1.848,1.3392,2.4055,1.064,0,0,0,0,0,0
"20504",9.94172222222222,0,-7,13,2,"4100","Brandon Belt","SF","CLE",1.5,"1B/OF",0.704,1.25,0.5848,2.6588,1.716,1.2,1.69,2.1244,0.7326,1.183,0.3003,0,1.91,1.9647,1.848,1.3392,2.4055,1.064,0,0,0,0,0,0
"20505",10.2321666666667,0,-5,9,7,"3900","Buster Posey","SF","CLE",1.4,"1B/C",1.2987,1.795,1.2852,1.7775,2.2933,2.2922,1.9434,1.363,2.4786,1.183,0.3003,0,1.91,1.9647,1.848,1.3392,2.4055,1.064,0,0,0,0,0,0
"20506",7.19388888888889,0,-10,13,3,"2800","Hunter Pence","SF","CLE",1.8,"OF",0.8568,1.6836,0.7364,1.3502,1.4958,2.3976,1,1.8166,1.2998,1.183,0.3003,0,1.91,1.9647,1.848,1.3392,2.4055,1.064,0,0,0,0,0,0
"20507",9.94705555555555,0,-7,6,15,"3500","Jabari Blash","SD","COL",2.1,"OF",0,0,0,0,0,0,0,0,0,0.6625,2.1645,1.1,2.016,2.993,2.2422,0.2541,1.1904,1.995,0,0,0,0,0,0
"20508",8.0025,0,-10,-2,0,"3800","Manuel Margot","SD","COL",2.2,"OF",1.1766,1.7055,1.617,1.925,2.2493,1.8881,1.71,1.5399,1.8944,0.6625,2.1645,1.1,2.016,2.993,2.2422,0.2541,1.1904,1.995,0,0,0,0,0,0
"20509",11.8667777777778,0,-11,23,9,"4000","Jose Pirela","SD","COL",1.9,"OF",1.2464,1.1726,1.5012,1.9918,3.1031,1.4105,1.1088,1.92,2.8368,0.6625,2.1645,1.1,2.016,2.993,2.2422,0.2541,1.1904,1.995,0,0,0,0,0,0
"20510",4.95705555555555,0,-4,9,2,"2600","Luis Torrens","SD","COL",2.2,"C",0,0,0,0,0,0,0,0,0,0.6625,2.1645,1.1,2.016,2.993,2.2422,0.2541,1.1904,1.995,0,0,0,0,0,0
"20511",8.08044444444445,0,-10,12,20,"4100","Wil Myers","SD","COL",2.1,"1B",0.5676,1.335,0.637,1.9769,2.1024,1.976,0.703,1.8054,1.0117,0.6625,2.1645,1.1,2.016,2.993,2.2422,0.2541,1.1904,1.995,0,0,0,0,0,0
"20512",11.9945555555556,0,-4,2,5,"3800","Cory Spangenberg","SD","COL",1.9,"3B/OF",1.2654,1.617,1.4402,2.152,3.4049,1.728,1.2815,1.8468,1.0374,0.6625,2.1645,1.1,2.016,2.993,2.2422,0.2541,1.1904,1.995,0,0,0,0,0,0
"20513",6.37144444444444,0,-7,7,2,"3700","Erick Aybar","SD","COL",1.8,"SS",0,0,0,0,0,0,0,0,0,0.6625,2.1645,1.1,2.016,2.993,2.2422,0.2541,1.1904,1.995,0,0,0,0,0,0
"20514",7.34555555555556,0,-8,10,21,"3700","Carlos Asuaje","SD","COL",1.9,"2B",1.56,2.22,0.7348,2.3976,2.5056,1.3616,1.178,1.472,1.7,0.6625,2.1645,1.1,2.016,2.993,2.2422,0.2541,1.1904,1.995,0,0,0,0,0,0
"20515",7.42072222222222,0,-14,1,0,"4400","Yasiel Puig","LAD","CWS",1.6,"OF",0.9452,1.0008,0.9468,1.8391,2.6248,1.8602,1.0512,1.8688,2.346,0,0,0,0,0,0,0,0,0,0,0,0,0,0,0
"20516",8.60527777777777,0,-8,7,0,"3700","Yasmani Grandal","LAD","CWS",1.9,"C",0.9996,1.4319,1.0146,1.8,2.6523,1.395,1.5582,1.8395,0.9216,0,0,0,0,0,0,0,0,0,0,0,0,0,0,0
"20517",12.5831111111111,0,-12,10,21,"4500","Chris Taylor","LAD","CWS",1.9,"2B/OF",1.296,1.3181,1.144,2.4408,3.2832,2.574,1.1172,2.074,1.4352,0,0,0,0,0,0,0,0,0,0,0,0,0,0,0
"20518",12.8501111111111,0,-13,18,7,"4900","Corey Seager","LAD","CWS",1.7,"SS",0.9375,0.7807,0.3696,2.7068,2.7404,2.1024,1.6264,2.4992,1.53,0,0,0,0,0,0,0,0,0,0,0,0,0,0,0
"20519",8.47777777777778,0,-10,5,0,"4300","Joc Pederson","LAD","CWS",1.7,"OF",0.7,1.456,1.45,1.9108,1.68,0.2128,1.5844,1.425,0.9,0,0,0,0,0,0,0,0,0,0,0,0,0,0,0
"20520",3.75261111111111,0,-9,4,7,"3700","Logan Forsythe","LAD","CWS",1.9,"2B/3B",1.1655,0.4823,0.88,1.4319,2.5026,1.05,1.1692,1.963,2.1097,0,0,0,0,0,0,0,0,0,0,0,0,0,0,0
"20521",11.4663888888889,0,-5,26,5,"4600","Justin Turner","LAD","CWS",1.7,"3B",0,0,0,0,0,0,0,0,0,0,0,0,0,0,0,0,0,0,0,0,0,0,0,0
"20522",8.81766666666667,0,-13,21,12,"4900","Cody Bellinger","LAD","CWS",1.7,"1B/OF",0.666,1.5,0.681,2.0124,2.618,1.8755,2.9857,1.4884,0.9266,0,0,0,0,0,0,0,0,0,0,0,0,0,0,0
"20523",7.15138888888889,0,-9,18,2,"3800","Chase Utley","LAD","CWS",1.7,"1B/2B",0.4465,0.3894,0.3003,3.0544,3.2604,2.025,0.7031,1.925,0,0,0,0,0,0,0,0,0,0,0,0,0,0,0,0
"20524",7.98877777777778,0,-6,8,2,"3600","Lorenzo Cain","KC","DET",2.1,"OF",0.6006,1.2312,1.227,1.4795,2.574,2.8584,1.4168,2.331,2.744,0,0,0,0,0,0,0,0,0,0,0,0,0,0,0
"20525",7.04155555555556,0,-5,9,3,"2300","Alex Gordon","KC","DET",2.7,"OF",1.9872,1.8468,0.931,1.798,1.136,1.0282,1.0089,1.6695,0.39,0,0,0,0,0,0,0,0,0,0,0,0,0,0,0
"20526",4.81366666666667,0,-5,13,5,"4000","Salvador Perez","KC","DET",1.8,"C",0,0,0,0,0,0,0,0,0,0,0,0,0,0,0,0,0,0,0,0,0,0,0,0
"20527",7.24122222222222,0,-13,16,3,"3700","Jorge Bonifacio","KC","DET",2,"OF",0,0,0,0,0,0,0,0,0,0,0,0,0,0,0,0,0,0,0,0,0,0,0,0
"20528",6.88772222222222,0,-1,12,7,"3100","Alcides Escobar","KC","DET",2.2,"SS",1.599,1.5696,1.377,1.5288,2.349,2.22,0.5082,1.0712,1.638,0,0,0,0,0,0,0,0,0,0,0,0,0,0,0
"20529",9.56394444444444,0,-7,10,11,"3800","Whit Merrifield","KC","DET",2.1,"2B",0.875,1.4616,1.175,1.239,1.968,3.8356,1.8585,1.6902,2.4642,0,0,0,0,0,0,0,0,0,0,0,0,0,0,0
"20530",9.47583333333333,0,-10,21,10,"4000","Eric Hosmer","KC","DET",1.8,"1B",1.6768,1.85,1.275,1.8648,3.4352,1.794,2.2265,1.4274,2.0072,0,0,0,0,0,0,0,0,0,0,0,0,0,0,0
"20531",7.77838888888889,0,-9,-3,6,"4200","Mike Moustakas","KC","DET",1.6,"3B",0.9684,1.29,1.311,2.1696,2.656,1.7582,1.5312,2.052,1.05,0,0,0,0,0,0,0,0,0,0,0,0,0,0,0
"20532",6.20655555555556,0,-12,9,3,"2300","Ramon Torres","KC","DET",2.2,"SS",0,0,0,0,0,0,0,0,0,0,0,0,0,0,0,0,0,0,0,0,0,0,0,0
"20533",10.1914444444444,0,-6,-1,0,"4600","Nelson Cruz","SEA","HOU",1.5,"OF",0.75,0.9324,0.8029,1.95,2.6082,2.6496,0.6179,2.8877,2.6676,0.2739,0.4342,0.534,1.2712,2.6714,1.735,1.4094,1.875,0.8352,0,0,0,0,0,0
"20534",9.67861111111111,0,-11,23,7,"3500","Kyle Seager","SEA","HOU",1.8,"3B",1.144,1.6555,0.936,2.4297,2.2493,1.4625,0.9828,1.4457,1.02,0.2739,0.4342,0.534,1.2712,2.6714,1.735,1.4094,1.875,0.8352,0,0,0,0,0,0
"20535",4.41683333333334,0,-8,-2,10,"2500","Carlos Ruiz","SEA","HOU",1.9,"C",0,0,0,0,0,0,0,0,0,0.2739,0.4342,0.534,1.2712,2.6714,1.735,1.4094,1.875,0.8352,0,0,0,0,0,0
"20536",8.64266666666667,0,-5,12,0,"4400","Jean Segura","SEA","HOU",1.8,"SS",0.9225,1.7908,1.7514,1.2087,3.32,2.7898,0.987,2.331,1.2285,0.2739,0.4342,0.534,1.2712,2.6714,1.735,1.4094,1.875,0.8352,0,0,0,0,0,0
"20537",6.92272222222222,0,-10,14,5,"4400","Robinson Cano","SEA","HOU",1.6,"2B",0.98,1.3755,0.6426,2.346,3.1682,1.029,1.8881,2.795,2.0488,0.2739,0.4342,0.534,1.2712,2.6714,1.735,1.4094,1.875,0.8352,0,0,0,0,0,0
"20538",9.77755555555556,0,-7,13,5,"3600","Ben Gamel","SEA","HOU",1.8,"OF",0,0,0,0,0,0,0,0,0,0.2739,0.4342,0.534,1.2712,2.6714,1.735,1.4094,1.875,0.8352,0,0,0,0,0,0
"20539",8.52538888888889,0,-8,15,0,"3400","Danny Valencia","SEA","HOU",1.7,"1B",1.3148,1.8876,0.8942,1.1221,2.9158,1.5477,2.1268,1.6748,1.6422,0.2739,0.4342,0.534,1.2712,2.6714,1.735,1.4094,1.875,0.8352,0,0,0,0,0,0
"20540",5.69011111111111,0,-7,21,3,"2600","Guillermo Heredia","SEA","HOU",1.8,"OF",1.6536,1.0024,1.9992,1.4612,2.7798,2.0252,0.8866,1.7094,1.1844,0.2739,0.4342,0.534,1.2712,2.6714,1.735,1.4094,1.875,0.8352,0,0,0,0,0,0
"20541",4.54827777777778,0,-7,5,10,"3900","Jarrod Dyson","SEA","HOU",1.7,"OF",1.248,0.952,1.4,3.128,2.618,1.3334,1.092,1.2496,1.0354,0.2739,0.4342,0.534,1.2712,2.6714,1.735,1.4094,1.875,0.8352,0,0,0,0,0,0
"20542",8.93994444444444,0,-7,3,5,"2700","Alex Presley","DET","KC",2.1,"OF",0,0,0,0,0,0,0,0,0,0,0,0,0,0,0,0,0,0,0,0,0,0,0,0
"20543",10.6354444444444,0,-10,7,10,"3600","Ian Kinsler","DET","KC",2.2,"2B",0.5568,1.6588,1.1883,1.74,2.5308,1.3175,0.8153,1.15,1.0725,0,0,0,0,0,0,0,0,0,0,0,0,0,0,0
"20544",10.8226666666667,0,-7,17,15,"4100","Justin Upton","DET","KC",2,"OF",0.696,1.4758,0.6734,1.188,3.4272,1.3804,1.5084,2.1312,1.7595,0,0,0,0,0,0,0,0,0,0,0,0,0,0,0
"20545",6.2885,0,-2,18,4,"2900","Dixon Machado","DET","KC",1.8,"2B/SS",1.7,2.392,1.4685,0,2.4642,1.44,0.4884,1.7732,0.5875,0,0,0,0,0,0,0,0,0,0,0,0,0,0,0
"20546",6.66377777777778,0,-12,11,6,"2700","James McCann","DET","KC",2.4,"C",0.801,0.6776,0.255,2.0463,2.7795,2.573,1.3272,2.1978,1.7446,0,0,0,0,0,0,0,0,0,0,0,0,0,0,0
"20547",9.22394444444445,0,-8,10,7,"2800","Mikie Mahtook","DET","KC",2.4,"OF",1.4322,1.5318,1.412,1.5012,2.07,2.025,0.8695,1.4539,1.8095,0,0,0,0,0,0,0,0,0,0,0,0,0,0,0
"20548",7.53983333333333,0,-4,19,8,"3700","Miguel Cabrera","DET","KC",2,"1B",0.429,1.56,0.4862,1.464,2.5872,2.292,1.2298,1.2376,1.8291,0,0,0,0,0,0,0,0,0,0,0,0,0,0,0
"20549",6.90522222222222,0,-5,24,14,"3300","Victor Martinez","DET","KC",2,"1B",1.4469,1.176,0.333,2.0867,2.5063,1.0212,1.7064,1.7422,0.9324,0,0,0,0,0,0,0,0,0,0,0,0,0,0,0
"20550",9.93744444444444,0,-6,8,45,"3600","Nick Castellanos","DET","KC",2.1,"3B",0,0,0,0,0,0,0,0,0,0,0,0,0,0,0,0,0,0,0,0,0,0,0,0
"20551",9.10922222222222,0,-4,25,30,"5700","Bryce Harper","WSH","LAA",1.3,"OF",1.375,1.9061,0.975,2.9645,2.7328,1.386,0.8379,2.1424,0.7917,0.5187,1.04,1.0701,1.0449,2.2852,2.1939,1.0608,2.345,2.4309,0,0,0,0,0,0
"20552",6.10111111111111,0,-7,33,5,"4200","Ryan Zimmerman","WSH","LAA",1.6,"1B",0.8658,0.876,0.8085,2.3595,2.4633,2.3298,1.0944,2.28,2.2644,0.5187,1.04,1.0701,1.0449,2.2852,2.1939,1.0608,2.345,2.4309,0,0,0,0,0,0
"20553",7.49677777777778,0,-5,15,6,"3100","Matt Wieters","WSH","LAA",1.8,"C",1.2558,1.1552,0.3059,2.5179,2.1316,0.625,1.1658,2.513,0.7515,0.5187,1.04,1.0701,1.0449,2.2852,2.1939,1.0608,2.345,2.4309,0,0,0,0,0,0
"20554",6.03983333333333,0,-7,6,20,"3700","Adam Lind","WSH","LAA",1.5,"1B",0,0,0,0,0,0,0,0,0,0.5187,1.04,1.0701,1.0449,2.2852,2.1939,1.0608,2.345,2.4309,0,0,0,0,0,0
"20555",7.97355555555555,0,-6,5,0,"3500","Wilmer Difo","WSH","LAA",1.9,"2B/SS",2.088,1.624,1.135,0.9918,3.052,1.3,0.6292,1.7808,0.2912,0.5187,1.04,1.0701,1.0449,2.2852,2.1939,1.0608,2.345,2.4309,0,0,0,0,0,0
"20556",4.89827777777778,0,-11,30,2,"2500","Chris Heisey","WSH","LAA",2.1,"OF",0,0,0,0,0,0,0,0,0,0.5187,1.04,1.0701,1.0449,2.2852,2.1939,1.0608,2.345,2.4309,0,0,0,0,0,0
"20557",10.1768333333333,0,-9,28,0,"5100","Daniel Murphy","WSH","LAA",1.3,"2B",0,0,0,0,0,0,0,0,0,0.5187,1.04,1.0701,1.0449,2.2852,2.1939,1.0608,2.345,2.4309,0,0,0,0,0,0
"20558",14.6170555555556,0,-9,14,17,"4900","Anthony Rendon","WSH","LAA",1.4,"3B",0.7548,2.0682,1.3,1.9981,2.7636,2.3068,1.3804,1.5635,1.2558,0.5187,1.04,1.0701,1.0449,2.2852,2.1939,1.0608,2.345,2.4309,0,0,0,0,0,0
"20559",5.5965,0,-12,25,0,"3900","Brian Goodwin","WSH","LAA",1.9,"OF",1.9488,0.5586,0.9657,2.196,2.7972,2.893,0.306,1.2584,0.9657,0.5187,1.04,1.0701,1.0449,2.2852,2.1939,1.0608,2.345,2.4309,0,0,0,0,0,0
"20560",5.7435,0,-4,17,0,"2400","Kevan Smith","CWS","LAD",1.6,"C",0,0,0,0,0,0,0,0,0,0,0,0,0,0,0,0,0,0,0,0,0,0,0,0
"20561",6.21338888888889,0,-3,9,3,"2700","Tyler Saladino","CWS","LAD",1.8,"2B/SS",1.315,0.8024,0.9856,0,1.4628,1.8316,0.3003,1.7116,1.1285,0,0,0,0,0,0,0,0,0,0,0,0,0,0,0
"20562",6.71622222222222,0,0,15,0,"3200","Melky Cabrera","CWS","LAD",1.9,"OF",0,0,0,0,0,0,0,0,0,0,0,0,0,0,0,0,0,0,0,0,0,0,0,0
"20563",9.85744444444445,0,-10,14,11,"2900","Tim Anderson","CWS","LAD",2.2,"SS",1.12,1.4575,1.554,1.3653,3.003,2.848,0.7801,1.6016,1.5192,0,0,0,0,0,0,0,0,0,0,0,0,0,0,0
"20564",6.36111111111111,0,-8,1,6,"2700","Yolmer Sanchez","CWS","LAD",1.7,"2B",2.1344,1.6983,1.0008,2.0592,3.0178,1.35,0.6875,1.6,1.5414,0,0,0,0,0,0,0,0,0,0,0,0,0,0,0
"20565",4.28561111111111,0,-10,17,3,"3200","Matt Davidson","CWS","LAD",1.8,"1B/3B",0.492,0.6864,0.819,2.16,3.1725,1.5662,0.441,1.725,1.7425,0,0,0,0,0,0,0,0,0,0,0,0,0,0,0
"20566",6.21255555555556,0,-2,16,8,"3500","Avisail Garcia","CWS","LAD",1.6,"OF",1.3294,1.6882,0.8416,2.568,3.8052,1.434,1.075,2.2624,1.9398,0,0,0,0,0,0,0,0,0,0,0,0,0,0,0
"20567",12.7444444444444,0,-9,0,0,"3600","Jose Abreu","CWS","LAD",1.7,"1B",1.1424,1.628,0.8618,1.5675,2.968,3.3264,1.4473,2.1358,2.4991,0,0,0,0,0,0,0,0,0,0,0,0,0,0,0
"20568",5.62455555555556,0,-6,4,10,"3400","Cameron Perkins","PHI","MIA",1.3,"OF",0,0,0,0,0,0,0,0,0,0,0,0,0,0,0,0,0,0,0,0,0,0,0,0
"20569",6.96444444444444,0,-7,12,12,"3900","Odubel Herrera","PHI","MIA",1.6,"OF",1.02,1.1388,1.1556,2.1024,2.356,2.0984,1.4848,2.465,1.2207,0,0,0,0,0,0,0,0,0,0,0,0,0,0,0
"20570",4.04866666666666,0,-7,17,0,"3200","Tommy Joseph","PHI","MIA",2.1,"1B",0,0,0,0,0,0,0,0,0,0,0,0,0,0,0,0,0,0,0,0,0,0,0,0
"20571",6.84466666666667,0,-10,-2,6,"3600","Freddy Galvis","PHI","MIA",2,"SS",1.4943,1.7444,1.252,2.3391,2.197,1.5708,1.6856,1.7892,0.8924,0,0,0,0,0,0,0,0,0,0,0,0,0,0,0
"20572",14.4071666666667,0,-9,9,19,"3500","Nick Williams","PHI","MIA",1.7,"OF",0.5678,1.1662,0.7276,4.0896,2.8854,2.4759,2.1798,2.3625,0.8346,0,0,0,0,0,0,0,0,0,0,0,0,0,0,0
"20573",8.46983333333333,0,-3,26,22,"3400","Maikel Franco","PHI","MIA",1.8,"3B",1.2996,0.6006,1.248,0.8862,2.5024,2.2575,1.3475,1.5458,1.1808,0,0,0,0,0,0,0,0,0,0,0,0,0,0,0
"20574",12.2873333333333,0,-6,15,3,"3200","Cameron Rupp","PHI","MIA",1.8,"C",0,0,0,0,0,0,0,0,0,0,0,0,0,0,0,0,0,0,0,0,0,0,0,0
"20575",10.1017222222222,0,-8,21,2,"3600","Cesar Hernandez","PHI","MIA",2,"2B",2.1949,1.7094,1.3552,2.0907,2.2425,1.9293,1.5822,1.77,1.4994,0,0,0,0,0,0,0,0,0,0,0,0,0,0,0
"20576",12.3902777777778,0,-7,13,4,"4700","Andrew McCutchen","PIT","MIL",1.7,"OF",0.816,1.5651,0.716,1.6065,2.923,3.0172,1.2696,2.278,1.4616,0,0,0,0,0,0,0,0,0,0,0,0,0,0,0
"20577",8.69683333333333,0,-1,13,17,"3400","Francisco Cervelli","PIT","MIL",1.8,"C",2,1.0914,1.0395,1.4872,2.0748,1.332,1.4,1.614,2.1296,0,0,0,0,0,0,0,0,0,0,0,0,0,0,0
"20578",7.17338888888889,0,-6,17,0,"4000","Jordy Mercer","PIT","MIL",1.5,"SS",0.4914,1.0868,1.5577,2.0935,2.3688,2.1888,0.5824,1.6215,1.3746,0,0,0,0,0,0,0,0,0,0,0,0,0,0,0
"20579",10.0176666666667,0,-4,10,5,"2900","David Freese","PIT","MIL",2.3,"3B",0.9988,1.62,0.4625,1.87,3.4884,1.8018,0.7348,1.9116,1.6488,0,0,0,0,0,0,0,0,0,0,0,0,0,0,0
"20580",11.7998333333333,0,-9,19,3,"4200","Josh Bell","PIT","MIL",1.7,"1B",0.7918,1.677,0.6444,1.9924,2.6432,1.7856,1.2095,1.4575,0.8815,0,0,0,0,0,0,0,0,0,0,0,0,0,0,0
"20581",8.92088888888889,0,-10,1,16,"3900","Josh Harrison","PIT","MIL",2.1,"2B/3B",1.5171,1.02,0.85,1.3583,2.9592,2.014,1.2852,2.0988,2.664,0,0,0,0,0,0,0,0,0,0,0,0,0,0,0
"20582",5.60405555555555,0,-15,8,0,"3700","Gregory Polanco","PIT","MIL",1.9,"OF",1.0353,0.3219,0.6392,2.6483,2.015,1.62,1.4212,1.7664,1.3939,0,0,0,0,0,0,0,0,0,0,0,0,0,0,0
"20583",8.74566666666667,0,-11,12,7,"4500","Starling Marte","PIT","MIL",1.8,"OF",0.7708,1.1284,1.32,1.798,2.73,1.3072,1.6345,2.5024,2.331,0,0,0,0,0,0,0,0,0,0,0,0,0,0,0
"20584",12.9672777777778,0,-5,20,12,"4300","Brett Gardner","NYY","MIN",2.1,"OF",1.59,1.728,0.72,2.25,3.1896,1.3344,0.97,0.9646,0.9464,1.4448,1.398,1.6632,2.016,2.8656,2.7027,1.05,2.1566,1.82,0,0,0,0,0,0
"20585",9.12144444444445,0,-14,20,14,"4600","Gary Sanchez","NYY","MIN",1.8,"C",0.6346,1.7982,1.225,1.4319,2.7852,2.1597,0.9345,1.6994,2.511,1.4448,1.398,1.6632,2.016,2.8656,2.7027,1.05,2.1566,1.82,0,0,0,0,0,0
"20586",6.75333333333333,0,-6,4,11,"2600","Ronald Torreyes","NYY","MIN",2.2,"3B/SS",1.05,2.22,1.1342,2.0445,2.7132,4.2687,1.729,1.1985,1.9166,1.4448,1.398,1.6632,2.016,2.8656,2.7027,1.05,2.1566,1.82,0,0,0,0,0,0
"20587",13.1362777777778,0,-7,11,0,"3000","Garrett Cooper","NYY","MIN",2.4,"1B",0,0,0,4.0541,5.52,0,0,3.7323,4.3,1.4448,1.398,1.6632,2.016,2.8656,2.7027,1.05,2.1566,1.82,0,0,0,0,0,0
"20588",8.6165,0,-8,8,5,"3900","Chase Headley","NYY","MIN",1.7,"3B",1.7577,2.145,1.6125,2.3048,2.4388,1.3301,1.3727,1.0904,0.6536,1.4448,1.398,1.6632,2.016,2.8656,2.7027,1.05,2.1566,1.82,0,0,0,0,0,0
"20589",4.53116666666667,0,-12,-1,0,"3800","Matt Holliday","NYY","MIN",2,"1B",0,0,0,0,0,0,0,0,0,1.4448,1.398,1.6632,2.016,2.8656,2.7027,1.05,2.1566,1.82,0,0,0,0,0,0
"20590",9.04394444444444,0,-9,19,0,"4000","Clint Frazier","NYY","MIN",1.7,"OF",0,0,0,0,0,0,0,0,0,1.4448,1.398,1.6632,2.016,2.8656,2.7027,1.05,2.1566,1.82,0,0,0,0,0,0
"20591",7.75761111111111,0,-10,35,14,"5300","Aaron Judge","NYY","MIN",1.6,"OF",1.16,1.3625,0.1494,1.4994,2.85,2.242,1.5566,1.8112,2.125,1.4448,1.398,1.6632,2.016,2.8656,2.7027,1.05,2.1566,1.82,0,0,0,0,0,0
"20592",11.3767222222222,0,-9,22,22,"3800","Didi Gregorius","NYY","MIN",1.9,"SS",1.3959,1.0272,0.6902,2.2152,2.345,1.854,1.8939,1.7052,0.72,1.4448,1.398,1.6632,2.016,2.8656,2.7027,1.05,2.1566,1.82,0,0,0,0,0,0
"20593",16.0286666666667,0,-14,22,10,"4200","Tommy Pham","STL","NYM",1.8,"OF",1.1448,1.7226,1.4663,2.6796,2.2557,2.9094,1.1581,1.5486,1.22,0,0,0,0,0,0,0,0,0,0,0,0,0,0,0
"20594",6.80683333333333,0,-7,19,3,"3700","Dexter Fowler","STL","NYM",2,"OF",0.7548,0.8526,0.87,2.5596,2.723,1.95,1.9912,2.1312,0.637,0,0,0,0,0,0,0,0,0,0,0,0,0,0,0
"20595",9.23355555555556,0,-8,12,20,"4000","Matt Carpenter","STL","NYM",1.9,"1B",0.637,0.5796,0,2.4864,1.943,1.4994,1.944,2.9252,1.2282,0,0,0,0,0,0,0,0,0,0,0,0,0,0,0
"20596",10.335,0,-8,12,7,"3300","Yadier Molina","STL","NYM",2,"C",1.2198,1.6276,0.9073,1.4014,2.3976,2.3925,1.131,2.2703,1.5844,0,0,0,0,0,0,0,0,0,0,0,0,0,0,0
"20597",6.79044444444444,0,-5,14,7,"3400","Kolten Wong","STL","NYM",1.7,"2B",1.3629,1.581,0.4147,1.9026,3.0072,1.1836,1.4196,1.9406,1.1704,0,0,0,0,0,0,0,0,0,0,0,0,0,0,0
"20598",5.47938888888889,0,-8,8,10,"3700","Jedd Gyorko","STL","NYM",1.9,"3B",1.368,1.705,1.6796,1.1567,3.4782,2.3384,0,1.135,1.2012,0,0,0,0,0,0,0,0,0,0,0,0,0,0,0
"20599",7.59455555555556,0,-8,14,3,"2700","Magneuris Sierra","STL","NYM",1.9,"OF",0,0,0,0,0,0,0,0,0,0,0,0,0,0,0,0,0,0,0,0,0,0,0,0
"20600",7.99211111111111,0,-13,8,7,"3200","Paul DeJong","STL","NYM",2,"2B/SS",0.725,1.1385,0.801,1.7136,3.7488,2.9491,1.827,3.2274,1.1232,0,0,0,0,0,0,0,0,0,0,0,0,0,0,0
"20601",8.93744444444445,0,-6,12,0,"3600","Eddie Rosario","MIN","NYY",1.8,"OF",2.9707,1.3364,1.1934,2.0514,2.249,1.8447,0.9747,1.565,0.777,0,0,0,0,0,0,0,0,0,0,0,0,0,0,0
"20602",11.3685555555556,0,-11,5,16,"4500","Brian Dozier","MIN","NYY",1.9,"2B",0.8775,2.0559,2.541,1.6,2.5364,2.1141,0.4368,0.908,0.4698,0,0,0,0,0,0,0,0,0,0,0,0,0,0,0
"20603",7.15944444444444,0,-3,7,2,"3600","Joe Mauer","MIN","NYY",1.9,"1B",0.783,1.8565,1.036,2.6656,3.1556,2.2631,1.144,2.106,1.1186,0,0,0,0,0,0,0,0,0,0,0,0,0,0,0
"20604",4.20022222222222,0,-7,29,8,"4400","Max Kepler","MIN","NYY",1.6,"OF",1.4406,0.92,0.4025,2.056,2.191,2.4381,1.4003,1.3053,1.1655,0,0,0,0,0,0,0,0,0,0,0,0,0,0,0
"20605",7.72261111111111,0,-7,7,21,"4500","Miguel Sano","MIN","NYY",1.7,"3B",0.4676,1.4445,0.6206,1.1417,3.0784,2.352,0.7644,2.9172,2.336,0,0,0,0,0,0,0,0,0,0,0,0,0,0,0
"20606",5.68211111111111,0,-6,4,7,"2800","Jason Castro","MIN","NYY",2,"C",0,1.2258,0.5852,2.1504,2.5134,1.536,2.5428,2.387,0.7238,0,0,0,0,0,0,0,0,0,0,0,0,0,0,0
"20607",5.22533333333333,0,-6,5,9,"3800","Robbie Grossman","MIN","NYY",1.7,"OF",1.1766,1.1186,0.784,1.4874,2.0368,1.271,0.9018,1.9584,1.3588,0,0,0,0,0,0,0,0,0,0,0,0,0,0,0
"20608",5.90394444444444,0,-4,14,2,"3100","Jorge Polanco","MIN","NYY",1.9,"SS",0,0,0,0,0,0,0,0,0,0,0,0,0,0,0,0,0,0,0,0,0,0,0,0
"20609",8.72788888888889,0,-9,5,2,"2900","Zach Granite","MIN","NYY",2,"OF",0,0,0,0,0,0,0,0,0,0,0,0,0,0,0,0,0,0,0,0,0,0,0,0
"20610",5.99822222222222,0,-9,4,3,"2700","Peter Bourjos","TB","OAK",1.9,"OF",1.2,1.2987,0.6882,1.7215,1.4742,2.6625,0.4875,0.62,1.504,0,0,0,0,0,0,0,0,0,0,0,0,0,0,0
"20611",5.23927777777778,0,-6,15,6,"3200","Brad Miller","TB","OAK",1.9,"2B",0.5291,0.6721,0.425,1.725,0.798,0.43,1.1907,1.5181,1.4355,0,0,0,0,0,0,0,0,0,0,0,0,0,0,0
"20612",8.90494444444444,0,-7,5,14,"4300","Steven Souza","TB","OAK",1.7,"OF",0,0,0,0,0,0,0,0,0,0,0,0,0,0,0,0,0,0,0,0,0,0,0,0
"20613",9.04544444444444,0,-7,11,6,"4400","Logan Morrison","TB","OAK",1.5,"1B",0.7955,1.034,0.6468,2.8425,2.1978,0.9888,1.3454,2.0646,1.47,0,0,0,0,0,0,0,0,0,0,0,0,0,0,0
"20614",7.18527777777778,0,-8,18,10,"2300","Shane Peterson","TB","OAK",2.1,"OF",0,0,0,0,0,0,0,0,0,0,0,0,0,0,0,0,0,0,0,0,0,0,0,0
"20615",5.3665,0,-6,13,8,"2400","Adeiny Hechavarria","TB","OAK",2.1,"SS",1.36,1.55,2.25,1.4352,2.6925,2.2484,0.9703,1.6835,0.8932,0,0,0,0,0,0,0,0,0,0,0,0,0,0,0
"20616",4.39838888888889,0,-4,8,3,"3300","Wilson Ramos","TB","OAK",1.8,"C",1.3986,1.0528,2.0349,2.6152,3.0525,2.2496,1.4196,0.3276,1.1189,0,0,0,0,0,0,0,0,0,0,0,0,0,0,0
"20617",5.24822222222222,0,-3,9,0,"4000","Corey Dickerson","TB","OAK",1.8,"OF",1.404,1.144,0.8,2.1,2.5795,1.0783,1.4101,2.3002,1.1452,0,0,0,0,0,0,0,0,0,0,0,0,0,0,0
"20618",6.30655555555556,0,-13,5,0,"4300","Evan Longoria","TB","OAK",1.7,"3B",0.4004,0.5952,0.4125,0.484,2.3716,2.295,1.6909,2.236,2.9667,0,0,0,0,0,0,0,0,0,0,0,0,0,0,0
"20619",9.11783333333334,0,-12,9,3,"4100","Dee Gordon","MIA","PHI",2,"2B",2.334,2.02,0.8435,2.9484,2.4846,2.0032,1.76,1.7922,1.568,0,0,0,0,0,0,0,0,0,0,0,0,0,0,0
"20620",6.3955,0,-5,11,0,"3300","J.T. Realmuto","MIA","PHI",2,"C",0,0,0,0,0,0,0,0,0,0,0,0,0,0,0,0,0,0,0,0,0,0,0,0
"20621",9.30161111111111,0,-7,3,0,"4300","Marcell Ozuna","MIA","PHI",1.6,"OF",1.2267,0.9,1.0323,1.88,2.9445,2.6975,1.035,2.611,2.0382,0,0,0,0,0,0,0,0,0,0,0,0,0,0,0
"20622",8.27688888888889,0,-3,18,3,"3600","Derek Dietrich","MIA","PHI",1.6,"3B",1.5024,1.9908,0.925,1.9359,2.2902,1.0812,1.2642,2.7318,0.82,0,0,0,0,0,0,0,0,0,0,0,0,0,0,0
"20623",10.5571111111111,0,-9,21,2,"4500","Justin Bour","MIA","PHI",1.4,"1B",1.2837,1.2448,0.45,2.3744,1.3824,1.4555,1.9162,2.556,1.1836,0,0,0,0,0,0,0,0,0,0,0,0,0,0,0
"20624",3.27855555555556,0,-7,6,5,"2700","J.T. Riddle","MIA","PHI",1.9,"SS",0,0,0,0,0,0,0,0,0,0,0,0,0,0,0,0,0,0,0,0,0,0,0,0
"20625",7.38177777777778,0,-6,14,0,"3800","Christian Yelich","MIA","PHI",1.8,"OF",1.4,1.544,0.4833,2.8875,1.792,1.4964,0.9438,2.3855,1.2645,0,0,0,0,0,0,0,0,0,0,0,0,0,0,0
"20626",14.4253888888889,0,-11,23,14,"4600","Giancarlo Stanton","MIA","PHI",1.7,"OF",0.5616,0.8,0.3146,2.2165,2.8877,1.6588,1.554,2.1594,2.0502,0,0,0,0,0,0,0,0,0,0,0,0,0,0,0
"20627",5.78877777777778,0,-6,3,5,"4800","Ryan Braun","MIL","PIT",1.5,"OF",1.2376,1.3803,1.0192,2.5132,2.28,1.4832,1.665,1.932,1.0304,1.3684,1.3356,0.5772,2.0777,2.9403,1.269,1.6226,2.9323,1.092,0,0,0,0,0,0
"20628",5.53738888888889,0,-10,7,8,"4300","Eric Thames","MIL","PIT",1.7,"1B/OF",0.8316,0.703,1.0428,2.7224,2.4,1.1484,1.344,2.2935,0.8,1.3684,1.3356,0.5772,2.0777,2.9403,1.269,1.6226,2.9323,1.092,0,0,0,0,0,0
"20629",5.01966666666667,0,-10,8,0,"3500","Keon Broxton","MIL","PIT",1.9,"OF",0,0,0,0,0,0,0,0,0,1.3684,1.3356,0.5772,2.0777,2.9403,1.269,1.6226,2.9323,1.092,0,0,0,0,0,0
"20630",10.3298888888889,0,-11,5,3,"4300","Domingo Santana","MIL","PIT",1.7,"OF",0.665,1.2,0,1.6744,3.5916,1.897,2.175,1.8876,2.5974,1.3684,1.3356,0.5772,2.0777,2.9403,1.269,1.6226,2.9323,1.092,0,0,0,0,0,0
"20631",4.60327777777778,0,-10,8,8,"4000","Hernan Perez","MIL","PIT",1.8,"3B/OF",1.4245,1.2361,0.8399,1.6685,1.4421,3.4128,1.425,1.3969,1.7755,1.3684,1.3356,0.5772,2.0777,2.9403,1.269,1.6226,2.9323,1.092,0,0,0,0,0,0
"20632",3.79211111111111,0,-6,0,5,"3000","Orlando Arcia","MIL","PIT",1.9,"SS",1.4245,1.363,1.0845,1.3878,2.5086,2.3986,1.42,1.7752,1.8414,1.3684,1.3356,0.5772,2.0777,2.9403,1.269,1.6226,2.9323,1.092,0,0,0,0,0,0
"20633",6.96677777777778,0,-8,14,24,"4400","Travis Shaw","MIL","PIT",1.6,"3B",1.332,0.5688,1.2144,1.9809,2.2624,1.3986,2.0544,2.074,1.1776,1.3684,1.3356,0.5772,2.0777,2.9403,1.269,1.6226,2.9323,1.092,0,0,0,0,0,0
"20634",4.01522222222222,0,-1,19,6,"3100","Manny Pina","MIL","PIT",1.8,"C",0.925,1.908,0.85,1.8315,3.6292,2.0878,0.5236,2.9,1.5333,1.3684,1.3356,0.5772,2.0777,2.9403,1.269,1.6226,2.9323,1.092,0,0,0,0,0,0
"20635",5.81372222222222,0,-7,2,10,"2900","Alexi Amarista","COL","SD",2.3,"2B/SS",0,0,0,0,0,0,0,0,0,0,0,0,0,0,0,0,0,0,0,0,0,0,0,0
"20636",6.89361111111111,0,-5,9,0,"4200","Trevor Story","COL","SD",1.9,"SS",0.56,1.3312,0.575,1.8368,2.085,2.0475,0.8874,1.9415,2.3754,0,0,0,0,0,0,0,0,0,0,0,0,0,0,0
"20637",5.048,0,-4,6,5,"2700","Tony Wolters","COL","SD",2.4,"C",0.8614,2.6413,1.6632,2.1294,2.96,0.9024,1.475,1.5477,0,0,0,0,0,0,0,0,0,0,0,0,0,0,0,0
"20638",11.5573888888889,0,-11,12,4,"4700","DJ LeMahieu","COL","SD",1.7,"2B",1.4858,1.175,1.4076,2.316,3.3212,2.625,1.647,2.0979,2.1508,0,0,0,0,0,0,0,0,0,0,0,0,0,0,0
"20639",11.6122777777778,0,-8,13,23,"4600","Gerardo Parra","COL","SD",1.7,"OF",1.6748,1.9116,1.8515,1.9647,3.51,2.3328,1.6,2.553,1.0286,0,0,0,0,0,0,0,0,0,0,0,0,0,0,0
"20640",8.02211111111111,0,-11,21,16,"3600","Carlos Gonzalez","COL","SD",2.1,"OF",2.1394,1.2136,0.7849,1.9363,2.0646,1.8054,1.7873,1.5228,1.332,0,0,0,0,0,0,0,0,0,0,0,0,0,0,0
"20641",14.5673333333333,0,-14,0,20,"4800","Mark Reynolds","COL","SD",1.7,"1B",0,0,0,0,0,0,0,0,0,0,0,0,0,0,0,0,0,0,0,0,0,0,0,0
"20642",14.6591666666667,0,-4,12,14,"5600","Charlie Blackmon","COL","SD",1.7,"OF",1.0176,2.2148,1.172,2.8998,3.4632,2.016,1.8304,2.7375,1.544,0,0,0,0,0,0,0,0,0,0,0,0,0,0,0
"20643",6.17505555555555,0,-3,4,9,"2900","Nori Aoki","HOU","SEA",2.1,"OF",0,0,0,0,0,0,0,0,0,0,0,0,0,0,0,0,0,0,0,0,0,0,0,0
"20644",5.68905555555555,0,-2,23,7,"3800","Alex Bregman","HOU","SEA",1.8,"3B",0.57,0.6468,1.3674,1.3459,2.844,2.9406,1.278,1.6983,2.22,0,0,0,0,0,0,0,0,0,0,0,0,0,0,0
"20645",7.79444444444445,0,-7,18,5,"4200","Josh Reddick","HOU","SEA",1.9,"OF",1.5318,1.449,1.0296,1.65,2.3785,1.404,2.891,1.8126,2.344,0,0,0,0,0,0,0,0,0,0,0,0,0,0,0
"20646",7.65211111111111,0,-10,24,11,"5600","George Springer","HOU","SEA",1.6,"OF",0.9625,1.0962,0.9994,1.3468,2.7144,2.3606,1.3243,1.599,2.8812,0,0,0,0,0,0,0,0,0,0,0,0,0,0,0
"20647",8.2625,0,-9,12,5,"4000","Marwin Gonzalez","HOU","SEA",1.8,"3B/OF",1.167,1.2506,0.5874,2.2568,2.376,1.6984,2.3542,3.1995,0.7252,0,0,0,0,0,0,0,0,0,0,0,0,0,0,0
"20648",10.201,0,-11,-1,11,"5800","Jose Altuve","HOU","SEA",1.1,"2B",1.5725,1.91,2.1896,1.3283,2.739,2.232,1.2852,1.9812,1.6483,0,0,0,0,0,0,0,0,0,0,0,0,0,0,0
"20649",5.29072222222222,0,-9,5,28,"4200","Evan Gattis","HOU","SEA",1.7,"C",1.1948,2.7,0.7216,0.7568,1.5665,1.8788,1.24,1.147,3.094,0,0,0,0,0,0,0,0,0,0,0,0,0,0,0
"20650",11.9678333333333,0,-7,8,2,"3800","Yulieski Gurriel","HOU","SEA",1.9,"1B",0,0,0,0,0,0,0,0,0,0,0,0,0,0,0,0,0,0,0,0,0,0,0,0
"20651",7.14466666666667,0,-12,4,2,"3800","Carlos Beltran","HOU","SEA",2,"OF",0,0,0,0,0,0,0,0,0,0,0,0,0,0,0,0,0,0,0,0,0,0,0,0
"20652",6.83155555555556,0,-6,20,5,"4300","Edwin Encarnacion","CLE","SF",1.5,"1B",0.5016,1.4749,0.9,1.5015,3.198,2.3528,0.7181,1.5799,2.1754,0,0,0,0,0,0,0,0,0,0,0,0,0,0,0
"20653",7.09844444444444,0,-8,0,10,"3300","Brandon Guyer","CLE","SF",1.8,"OF",1.56,1.2474,0,1.475,2.088,0.7375,0.95,1.06,2.9891,0,0,0,0,0,0,0,0,0,0,0,0,0,0,0
"20654",6.06305555555555,0,-7,37,0,"4600","Jose Ramirez","CLE","SF",1.5,"2B/3B",1.2728,1.1712,1.0557,2.9775,2.6358,2.2148,1.0092,1.953,2.0944,0,0,0,0,0,0,0,0,0,0,0,0,0,0,0
"20655",6.36411111111111,0,-16,10,3,"2600","Yan Gomes","CLE","SF",2,"C",0.3735,1.8848,1.736,1.7587,2.64,2.3157,0.5875,1.3377,0.8294,0,0,0,0,0,0,0,0,0,0,0,0,0,0,0
"20656",7.55744444444444,0,-11,1,8,"4100","Bradley Zimmer","CLE","SF",1.3,"OF",1.14,0.912,0.82,1.806,4.4436,1.3542,1.794,1.8304,0.3154,0,0,0,0,0,0,0,0,0,0,0,0,0,0,0
"20657",7.38538888888889,0,-5,14,2,"4200","Francisco Lindor","CLE","SF",1.6,"SS",1.4161,1.2052,0.925,2.4768,2.73,1.2455,1.3301,1.944,0.9546,0,0,0,0,0,0,0,0,0,0,0,0,0,0,0
"20658",7.78394444444445,0,-5,8,3,"2700","Giovanny Urshela","CLE","SF",1.7,"3B",0,0,0,0,0,0,0,0,0,0,0,0,0,0,0,0,0,0,0,0,0,0,0,0
"20659",11.5125555555556,0,-9,11,3,"4100","Michael Brantley","CLE","SF",1.6,"OF",1.032,1.4016,0.429,3.3264,3.585,1.1739,1.8944,3.54,0.9114,0,0,0,0,0,0,0,0,0,0,0,0,0,0,0
"20660",9.97394444444445,0,-7,7,0,"3800","Lucas Duda","NYM","STL",1.7,"1B",1.1408,1.06,0.3776,1.8414,2.6452,0.9752,1.6206,2.3651,0.532,0.6656,1.5984,1.665,2.236,2.923,2.3485,0.835,1.7556,1.6678,0,0,0,0,0,0
"20661",10.1197222222222,0,-8,25,3,"4200","Yoenis Cespedes","NYM","STL",1.6,"OF",0.7548,1.5568,1.0857,0.5187,2.7918,2.13,2.4896,2.2086,2.04,0.6656,1.5984,1.665,2.236,2.923,2.3485,0.835,1.7556,1.6678,0,0,0,0,0,0
"20662",10.0724444444444,0,-9,9,0,"3900","Jose Reyes","NYM","STL",1.6,"3B/SS",1.6017,1.2272,1.4706,1.8282,2.0538,1.7105,1.4382,1.5504,0.3996,0.6656,1.5984,1.665,2.236,2.923,2.3485,0.835,1.7556,1.6678,0,0,0,0,0,0
"20663",6.32411111111112,0,-3,18,0,"3700","T.J. Rivera","NYM","STL",1.6,"1B/3B",0,0,0,0,0,0,0,0,0,0.6656,1.5984,1.665,2.236,2.923,2.3485,0.835,1.7556,1.6678,0,0,0,0,0,0
"20664",10.5576666666667,0,-9,15,8,"4200","Michael Conforto","NYM","STL",1.8,"OF",1.0575,1.9708,1.0868,2.5702,2.6634,1.617,0.675,3.3,1.9159,0.6656,1.5984,1.665,2.236,2.923,2.3485,0.835,1.7556,1.6678,0,0,0,0,0,0
"20665",11.0437777777778,0,-11,13,0,"4300","Jay Bruce","NYM","STL",1.6,"OF",1.0034,0.7518,0.4266,2.709,3.066,1.4496,2.03,1.4756,0.5934,0.6656,1.5984,1.665,2.236,2.923,2.3485,0.835,1.7556,1.6678,0,0,0,0,0,0
"20666",5.65516666666666,0,-5,10,2,"3500","Asdrubal Cabrera","NYM","STL",2,"2B/SS",1.479,0.9988,0.6006,1.9776,2.6492,0.624,1.43,2.4118,1.665,0.6656,1.5984,1.665,2.236,2.923,2.3485,0.835,1.7556,1.6678,0,0,0,0,0,0
"20667",4.04388888888889,0,-9,2,0,"2900","Rene Rivera","NYM","STL",1.9,"C",0.4342,1.6302,1.6317,1.729,1.8018,2.8952,0.8544,2.1784,1.975,0.6656,1.5984,1.665,2.236,2.923,2.3485,0.835,1.7556,1.6678,0,0,0,0,0,0
"20668",8.48783333333333,0,-11,6,20,"4000","Khris Davis","OAK","TB",1.8,"OF",0.45,1.4852,1.3653,1.8772,2.535,2.3488,1.1988,1.8315,0.6762,1.0804,1.6095,1.3468,1.44,1.8315,1.3804,0.704,1.4991,1.2483,0,0,0,0,0,0
"20669",8.14977777777778,0,-7,14,2,"3000","Jed Lowrie","OAK","TB",1.9,"2B",1.05,0.9018,0.84,2.108,2.0867,1.9293,2.6082,1.7523,1.6416,1.0804,1.6095,1.3468,1.44,1.8315,1.3804,0.704,1.4991,1.2483,0,0,0,0,0,0
"20670",7.78127777777778,0,-11,9,0,"3200","Ryon Healy","OAK","TB",2.1,"1B/3B",1.4364,1.2802,0.6656,1.665,2.2555,2.0878,1.6727,2.1976,1.9521,1.0804,1.6095,1.3468,1.44,1.8315,1.3804,0.704,1.4991,1.2483,0,0,0,0,0,0
"20671",11.29,0,-8,25,18,"3700","Rajai Davis","OAK","TB",2.2,"OF",1.1655,0.9284,1.4008,0.9152,2.34,2.9799,1.4592,1.2596,1.54,1.0804,1.6095,1.3468,1.44,1.8315,1.3804,0.704,1.4991,1.2483,0,0,0,0,0,0
"20672",11.9554444444444,0,-11,2,2,"3600","Marcus Semien","OAK","TB",1.9,"SS",0,1.025,1.085,1.0626,2.7966,2.8196,1.32,2.154,1.974,1.0804,1.6095,1.3468,1.44,1.8315,1.3804,0.704,1.4991,1.2483,0,0,0,0,0,0
"20673",4.09394444444445,0,-4,4,3,"2200","Josh Phegley","OAK","TB",2.2,"C",0,0,0,0,0,0,0,0,0,1.0804,1.6095,1.3468,1.44,1.8315,1.3804,0.704,1.4991,1.2483,0,0,0,0,0,0
"20674",10.2908888888889,0,-7,18,2,"2000","Matt Chapman","OAK","TB",2.9,"3B",0.4466,0.999,0.4004,1.692,1.611,1.9368,1.428,2.4642,1.4976,1.0804,1.6095,1.3468,1.44,1.8315,1.3804,0.704,1.4991,1.2483,0,0,0,0,0,0
"20675",4.934,0,-4,15,0,"2000","Jaycob Brugman","OAK","TB",2.1,"OF",0,0,0,0,0,0,0,0,0,1.0804,1.6095,1.3468,1.44,1.8315,1.3804,0.704,1.4991,1.2483,0,0,0,0,0,0
"20676",4.57183333333333,0,-6,3,0,"3000","Adam Rosales","OAK","TB",1.9,"SS",0,0,0,0,0,0,0,0,0,1.0804,1.6095,1.3468,1.44,1.8315,1.3804,0.704,1.4991,1.2483,0,0,0,0,0,0
"20677",10.6221111111111,0,-3,11,18,"4100","Jonathan Schoop","BAL","TEX",1.9,"2B",0.9956,1.4625,1.1165,1.7649,2.8314,2.5854,1.2528,2.1909,1.5372,0.4186,1.7589,1.9985,2.1879,2.3112,1.6317,1.6008,1.4168,0.4773,0,0,0,0,0,0
"20678",5.72783333333333,0,-4,10,13,"3200","Ruben Tejada","BAL","TEX",1.6,"3B/SS",0,0,0,0,0,0,0,0,0,0.4186,1.7589,1.9985,2.1879,2.3112,1.6317,1.6008,1.4168,0.4773,0,0,0,0,0,0
"20679",10.8765555555556,0,-7,13,12,"4000","Adam Jones","BAL","TEX",2,"OF",0.4843,0.8917,0.939,1.92,2.373,2.3432,1.3464,2.0764,2.1357,0.4186,1.7589,1.9985,2.1879,2.3112,1.6317,1.6008,1.4168,0.4773,0,0,0,0,0,0
"20680",4.25244444444444,0,-8,6,7,"4100","Mark Trumbo","BAL","TEX",1.8,"OF",0,0,0,0,0,0,0,0,0,0.4186,1.7589,1.9985,2.1879,2.3112,1.6317,1.6008,1.4168,0.4773,0,0,0,0,0,0
"20681",10.4145,0,-7,9,9,"4400","Manny Machado","BAL","TEX",1.8,"3B",1.1781,0.7276,0.6468,1.2584,2.6026,1.8703,1.72,1.525,2.408,0.4186,1.7589,1.9985,2.1879,2.3112,1.6317,1.6008,1.4168,0.4773,0,0,0,0,0,0
"20682",10.0523333333333,0,-5,9,21,"4000","Seth Smith","BAL","TEX",1.7,"OF",0,0,0,0,0,0,0,0,0,0.4186,1.7589,1.9985,2.1879,2.3112,1.6317,1.6008,1.4168,0.4773,0,0,0,0,0,0
"20683",8.61266666666667,0,-8,13,19,"3700","Trey Mancini","BAL","TEX",1.9,"1B/OF",1.0788,0.9146,0.7938,1.7732,3.3466,2.2977,0.95,2.9716,2.1082,0.4186,1.7589,1.9985,2.1879,2.3112,1.6317,1.6008,1.4168,0.4773,0,0,0,0,0,0
"20684",12.772,0,-8,15,38,"3100","Chris Davis","BAL","TEX",2.5,"1B",1.0176,0.6256,0.9009,1.9278,1.7577,1.7108,1.8836,1.23,1.52,0.4186,1.7589,1.9985,2.1879,2.3112,1.6317,1.6008,1.4168,0.4773,0,0,0,0,0,0
"20685",8.448,0,-9,3,3,"3200","Welington Castillo","BAL","TEX",1.9,"C",1.081,1.9092,1.3104,2.201,3.104,2.2561,1.638,1.632,1.2485,0.4186,1.7589,1.9985,2.1879,2.3112,1.6317,1.6008,1.4168,0.4773,0,0,0,0,0,0
"20686",5.7335,0,-4,3,8,"3400","Brock Holt","BOS","TOR",1.3,"2B/OF",1.55,0.7714,0.3731,2.0572,1.596,0.5863,2.7522,0.8142,0,0.8004,0.7918,0.5376,1.0062,2.2753,2.3902,0.9438,1.7284,2.7864,0,0,0,0,0,0
"20687",6.65183333333333,0,-2,11,2,"3900","Andrew Benintendi","BOS","TOR",1.8,"OF",0.91,1.372,0.496,2.1726,2.1183,1.428,1.5477,2.094,1.3832,0.8004,0.7918,0.5376,1.0062,2.2753,2.3902,0.9438,1.7284,2.7864,0,0,0,0,0,0
"20688",5.52488888888889,0,-7,32,16,"2800","Chris Young","BOS","TOR",2.3,"OF",0.62,0.6578,0.57,0.7104,2.6724,3.0156,0.5863,2.1978,0.7315,0.8004,0.7918,0.5376,1.0062,2.2753,2.3902,0.9438,1.7284,2.7864,0,0,0,0,0,0
"20689",6.09427777777778,0,-7,28,6,"2500","Sandy Leon","BOS","TOR",2.2,"C",1.3772,1.4652,0.5106,1.7175,2.472,1.5963,1.41,1.5096,0,0.8004,0.7918,0.5376,1.0062,2.2753,2.3902,0.9438,1.7284,2.7864,0,0,0,0,0,0
"20690",9.4035,0,-11,12,21,"4100","Hanley Ramirez","BOS","TOR",1.7,"1B",1.0304,0.8806,0.7755,1.6752,1.8972,2.4332,0.752,1.9647,1.3916,0.8004,0.7918,0.5376,1.0062,2.2753,2.3902,0.9438,1.7284,2.7864,0,0,0,0,0,0
"20691",8.29294444444445,0,-9,12,8,"3500","Jackie Bradley","BOS","TOR",1.8,"OF",0,0,0,0,0,0,0,0,0,0.8004,0.7918,0.5376,1.0062,2.2753,2.3902,0.9438,1.7284,2.7864,0,0,0,0,0,0
"20692",3.96461111111111,0,-5,31,0,"3400","Deven Marrero","BOS","TOR",1.5,"3B",0.95,0.96,1.1,2.2313,1.6428,2.96,1.4652,0.777,1.266,0.8004,0.7918,0.5376,1.0062,2.2753,2.3902,0.9438,1.7284,2.7864,0,0,0,0,0,0
"20693",9.52777777777778,0,-7,5,21,"4100","Dustin Pedroia","BOS","TOR",1.6,"2B",0,0,0,0,0,0,0,0,0,0.8004,0.7918,0.5376,1.0062,2.2753,2.3902,0.9438,1.7284,2.7864,0,0,0,0,0,0
"20694",10.2125555555556,0,-13,1,8,"5100","Mookie Betts","BOS","TOR",1.6,"OF",0.754,1.4,1.6014,1.8876,2.2977,2.1758,0.7917,1.5982,1.9951,0.8004,0.7918,0.5376,1.0062,2.2753,2.3902,0.9438,1.7284,2.7864,0,0,0,0,0,0
"20695",11.0679444444444,0,-10,13,0,"3100","Luis Valbuena","LAA","WSH",2.1,"1B/3B",0.9352,1.4196,1.0323,1.9923,2.0355,0.9702,1.2508,1.1169,1.1481,0,0,0,0,0,0,0,0,0,0,0,0,0,0,0
"20696",9.87055555555555,0,-7,7,3,"3700","Cameron Maybin","LAA","WSH",0,"OF",0.5772,1.4944,0,1.4112,2.1321,1.474,1.408,1.62,1.8,0,0,0,0,0,0,0,0,0,0,0,0,0,0,0
"20697",4.99022222222222,0,-5,9,14,"2800","Martin Maldonado","LAA","WSH",2.2,"C",0.5456,2,0.5845,1.145,2.726,2.3858,0.8316,1.6348,1.3064,0,0,0,0,0,0,0,0,0,0,0,0,0,0,0
"20698",10.8773888888889,0,-6,13,0,"3600","Albert Pujols","LAA","WSH",2,"1B",1.147,1.2314,0.8,1.5651,2.2977,2.024,0.5728,2.006,1.8088,0,0,0,0,0,0,0,0,0,0,0,0,0,0,0
"20699",8.84416666666667,0,-6,20,0,"4000","Andrelton Simmons","LAA","WSH",1.8,"SS",1.0008,1.3283,1.1749,1.5344,2.2876,2.3287,1.5028,1.6543,1.5836,0,0,0,0,0,0,0,0,0,0,0,0,0,0,0
"20700",11.407,0,-9,24,0,"3200","Nick Franklin","LAA","WSH",0,"OF",0,0,0,0,0,0,0,0,0,0,0,0,0,0,0,0,0,0,0,0,0,0,0,0
"20701",12.1005,0,-11,17,5,"3000","Kole Calhoun","LAA","WSH",2.6,"OF",1.395,1.8309,0.9768,1.6472,2.3528,1.1427,1.2852,1.5015,0.984,0,0,0,0,0,0,0,0,0,0,0,0,0,0,0
"20702",7.41544444444445,0,-2,22,0,"3600","Yunel Escobar","LAA","WSH",1.8,"3B",0,0,0,0,0,0,0,0,0,0,0,0,0,0,0,0,0,0,0,0,0,0,0,0
"20703",15.2478888888889,0,-14,8,16,"5400","Mike Trout","LAA","WSH",1.6,"OF",0.559,1.0416,0.85,1.534,2.8684,3.1317,1.6095,2.95,1.5568,0,0,0,0,0,0,0,0,0,0,0,0,0,0,0
